player,handle
Alaa Abdelnaby,alaatweets
Kareem Abdul-Jabbar,kaj33
Shareef Abdur-Rahim,ShareefAbdur_R
Thomas Abercrombie,tomabo10
Álex Abrines,alexabrines
Quincy Acy,QuincyAcy
Jalen Adams,ja4hunnid
Jaylen Adams,10jadams
Jordan Adams,jordanadams1231
Steven Adams,RealStevenAdams
Bam Adebayo,Bam1of1
Deng Adel,Foreverdeng
Jeff Adrien,Adrien4
Maurice Ager,moeager
C.J. Aiken,cjaiken01
Danny Ainge,danielrainge
Alexis Ajinça,AjincaAlexis42
DeVaughn Akoon-Purcell,dap44_
Cenk Akyol,cenkakyol
Furkan Aldemir,furkanaldemir19
Cole Aldrich,colea45
LaMarcus Aldridge,aldridge_12
Cliff Alexander,CAlexander
Kyle Alexander,KyleJamal4
Nickeil Alexander-Walker,NickeilAW
Bryce Alford,balford20
Rawle Alkins,Iam_RawleAlkins
Grayson Allen,GraysonJAllen
Jarrett Allen,_bigjayy_
Kadeem Allen,AllenKadeem
Lavoy Allen,chefVOYardee
Malik Allen,THEleekAllen30
Ray Allen,greenRAYn20
Tony Allen,aa000G9
Morris Almond,FreeMoAlmond
John Amaechi,JohnAmaechi
Al-Farouq Aminu,farouq1
Alade Aminu,Aminu_34
Lou Amundson,LouAmundson17
Alan Anderson,ASqared06
C.J. Anderson,cjanderson_23
Justin Anderson,JusAnderson1
Kenny Anderson,chibbs_1
Kyle Anderson,KyleAnderson5
Braian Angola-Rodas,Angola2411
Ike Anigbogu,IkePostrs_
O.D. Anosike,Anosike_1
Giannis Antetokounmpo,Giannis_An34
Kostas Antetokounmpo,Kostas_ante13
Carmelo Anthony,carmeloanthony
Greg Anthony,GregAnthony50
OG Anunoby,OAnunoby
Robert Archibald,RobertArchibald
Ryan Arcidiacono,RyArch15
Gilbert Arenas,agentzeroshow
Trevor Ariza,TrevorAriza
B.J. Armstrong,bjarmstrong
Darrell Arthur,DarrellArthur00
Jamel Artis,melartis1
Olu Ashaolu,O_Ash
Brandon Ashley,_Bash21
Ömer Aşık,AsikOmer
Eric Atkins,EAtkins0
Zach Auguste,ZachEliAuguste
D.J. Augustin,augustinDj14
Brandon Austin,Jumpman_BA
J.J. Avila,NotLilJay
Gustavo Ayón,Gustavo_Ayon15
Deandre Ayton,DeandreAyton
Kelenna Azubuike,KAzubuike7
Yudai Baba,babaseyo
Luke Babbitt,Realbabbitt08
Jordan Bachynski,BLOCKchynski
Dwayne Bacon,BaconDwayne1000
Marvin Bagley,MB3FIVE
Ron Baker,RonBaker31
Gracin Bakumanya,gbakumanya
Wade Baldwin,The_Fourth_Wade
Renaldo Balkman,R_Balkman32
Lonzo Ball,ZO2_
Mohamed Bamba,TheRealMoBamba
Cat Barber,catbarber1994
Leandro Barbosa,TheBlurBarbosa
J.J. Barea,jjbareapr
Jaylen Barford,Jbarford1
Andrea Bargnani,AndreaBargnani
Harrison Barnes,HBarnes
Matt Barnes,Matt_Barnes22
Jordan Barnett,JBounce33
Kyle Barone,KB33_
RJ Barrett,RjBarrett6
Earl Barron,earldee
Brent Barry,Barryathree
Canyon Barry,cbarry719
Rick Barry,Rick24Barry
Will Barton,WillTheThrillB5
Keita Bates-Diop,KBD_33
Shane Battier,ShaneBattier
Nicolas Batum,nicolas88batum
Jerryd Bayless,jerrydbayless
Elgin Baylor,elginbaylor
Aron Baynes,aronbaynes
Kent Bazemore,24Bazemore
Darius Bazley,BazleyDarius
V.J. Beachem,VjBeachem
Bradley Beal,RealDealBeal23
Malik Beasley,Mbeasy5
Michael Beasley,Michael8easley
Beau Beech,beaubeech02
Mirza Begić,BegicMirzaBM
Marco Belinelli,marcobelinelli
Charlie Bell,flintstone14
Jordan Bell,1jordanbell
Troy Bell,TroyBellS2P
DeAndre' Bembry,fearthefro95
Dragan Bender,DBender03
Jonathan Bender,jonathanbender9
Anthony Bennett,AnthonyBennett
Keith Benson,RealKITO
Ben Bentil,benbentil
Jared Berggren,jberggren40
Davion Berry,DavionBerry
Joel Berry,JoelBerryII
Dairis Bertāns,DairisBertans
Dāvis Bertāns,DBertans_42
Patrick Beverley,patbev21
Justin Bibbs,JustinBibbs10
Kavell Bigby-Williams,Kavell6ft11
Chauncey Billups,1MrBigShot
Khem Birch,Khem_Birch
Jabari Bird,Jabari_Bird
Goga Bitadze,GogaBiitadze
Bismack Biyombo,bismackbiyombo
Nemanja Bjelica,NemanjaBjelica
Tarik Black,TarikBlack25
James Blackmon,jblackmon2
DeJuan Blair,DeJuan45
Steve Blake,SteveBlake5
Antonio Blakeney,blakeney96
Andray Blatche,drayblatche
Eric Bledsoe,EBled2
Keljin Blevins,KBlevs02
Jaron Blossomgame,JaronBgame
Vander Blue,veezy_SQ
Trevon Bluiett,TrevonBluiett
Ryan Boatright,Ryanboatright11
Bogdan Bogdanović,LeaderOfHorde
Bojan Bogdanović,44Bojan
Muggsy Bogues,MuggsyBogues
Andrew Bogut,andrewbogut
John Bohannon,johnbohannon21
Bol Bol,BolBol
Jonah Bolden,Jonahbolden43
Marques Bolden,MarquesB__
Joel Bolomboy,Bolomboy21
Tim Bond,itsbout_TIM
Jordan Bone,JordanBone23
Isaac Bonga,isaacbonga
Matt Bonner,MattBonner_SAS
Devin Booker,DevinBook
Trevor Booker,35_Fitz
Phil Booth,Philb_5
Carlos Boozer,MisterCbooz
Chris Bosh,chrisbosh
Chris Boucher,chrisboucher
Brian Bowen,tugs_
Bruce Bowen,Bowen12
Ryan Bowen,rybo40
Ky Bowman,KyranBowman
Craig Brackins,Cbrackins_33
Avery Bradley,Avery0Bradley
Tony Bradley,ToBrad1
Jarrell Brantley,jstuntbrantley
Taylor Braun,taylorbraun2324
Ignas Brazdeikis,_iggy_braz
Corey Brewer,TheCoreyBrewer
Ronnie Brewer,RonnieBrewerJr
Primož Brezec,Primozbrezec
Mikal Bridges,mikal_bridges
Miles Bridges,MilesBridges
Amida Brimah,amidabrimah
Isaiah Briscoe,ZayBriscoe
Oshae Brissett,Obrissy
Jon Brockman,MrJonBrockman
Ryan Broekhoff,RBroekhoff45
Malcolm Brogdon,MalcolmBrogdon7
Aaron Brooks,Thirty2zero
Dillon Brooks,dillonbrooks24
MarShon Brooks,Marshon2
Alec Brown,AlecBrown21
Anthony Brown,TwoShotOne
Bobby Brown,BBROWNLAU
Bruce Brown,BruceBrown11
Bryce Brown,Bwb_2
Charlie Brown,charliekbrownjr
Dee Brown,deebrown11
Derrick Brown,D_Brown4
Jabari Brown,Bari_BrownIDF
Jaylen Brown,FCHWPO
Lorenzo Brown,Zo_Brown
Markel Brown,iMarkelBrown22
Moses Brown,MosesBrown_
Sterling Brown,thatnegus_sb
Troy Brown,Troy_Brown33
Mike Bruesewitz,mbruesewitz31
Jalen Brunson,jalenbrunson1
Nicolás Brussino,nicoobrussino
Kobe Bryant,kobebryant
Thomas Bryant,nolimittb31
Chase Budinger,CBudinger
Reggie Bullock,ReggieBullock35
Trey Burke,TreyBurke
Alec Burks,AlecBurks10
Antonio Burks,antonioburks
Scott Burrell,sburrell24
Deonte Burton,DeeBurton30
Caron Butler,realtuffjuice
Jimmy Butler,JimmyButler
Rasual Butler,RasualButler45
Dwight Buycks,BizzleWorld20
Bruno Caboclo,Bruno_Caboclo
Devontae Cacok,Vontae__15
Junior Cadougan,JRwontLOSE
Michael Cage,Exhoopsmc
Nick Calathes,Nick_Calathes15
José Calderón,JmCalderon
Kentavious Caldwell-Pope,CaldwellPope
Perrion Callandret,Perriontf
Marcus Camby,MarcusCamby23
Isaiah Canaan,SiP03
Vlatko Čančar,CancarVlatko
Clint Capela,CapelaClint
Derrick Caracter,RebuildCaracter
Brian Cardinal,BrianCardinal
Jackie Carmichael,Jackie_C32
Antoine Carr,AntoineCarr55
Austin Carr,MrCavalier34
Phillip Carr,PhilippeChow_
Tony Carr,Tone10Carr
DeMarre Carroll,DeMarreCarroll1
Jeffrey Carroll,J30Carroll
Matt Carroll,matt13carroll
Jevon Carter,nextlevel_03
Sampson Carter,mrvincecarter15
Vince Carter,mrvincecarter15
Wendell Carter,wendellcarter34
Michael Carter-Williams,MCW1
Alex Caruso,ACFresh21
Omri Casspi,Casspi18
Willie Cauley-Stein,THEwillieCS15
Troy Caupain,caupain10
Tyler Cavanaugh,tycav34
Cedric Ceballos,cedceballos
Mario Chalmers,mchalmers15
Tyson Chandler,tysonchandler
Wilson Chandler,wilsonchandler
Rex Chapman,RexChapman
Joe Chealey,joe_chealey
Zylan Cheatham,1KingZ4
Josh Childress,JChillin
Chris Chiozza,Chiozza11
Marquese Chriss,quese
Doug Christie,TheDougChristie
Dionte Christmas,Dchristmas22
Rakeem Christmas,R_Xmas25
Semaj Christon,SemajChriston
Keith Clanton,Im_Keithclanton
Gary Clark,Gary11_Clark
Ian Clark,IanClark
Keydren Clark,KeydrenClark
Brandon Clarke,brandonclarke23
Jordan Clarkson,JordanClarksons
Gian Clavell,clavelito04
Victor Claver,Victor_Claver
Nicolas Claxton,_claxton33
Speedy Claxton,speeddeamon
Mateen Cleaves,Mateen_Cleaves
Chris Clemons,idropcoldbucks
Antonius Cleveland,ac_uno1
Will Clyburn,Da_Thrill21
Mike Cobbins,The1_MikeCobbs
Jeff Coby,JC40A3
Amir Coffey,coffeyshop_
Jake Cohen,jacohen15
Derrick Coleman,44TheLegend
Jarron Collins,jarronctwin
John Collins,jcollins20_
Sherron Collins,SHERRONCOLLINS4
Zach Collins,zcollins_33
Kyle Collinsworth,bigrussia5
Darren Collison,Darren_Collison
Nick Collison,nickcollison4
Bonzie Colson,Bacolson35
Mike Conley,MCONLEY10
Pat Connaughton,pconnaughton
Will Conroy,CHILLCONROY
Daequan Cook,DC4Three
Quinn Cook,QCook323
Tyler Cook,iamtc25
Charles Cooke,c4_cooke
Derek Cooke,DCookeJr
Jack Cooley,JackCooligan45
Michael Cooper,ShowtimeCooper
Isaïa Cordinier,izaycordinier
Petr Cornelie,Petr_Cornelie
Matt Costello,MattCostello10
DeMarcus Cousins,boogiecousins
Robert Covington,Holla_At_Rob33
Allen Crabbe,allencrabbe
Aaron Craft,ACraft4
Torrey Craig,TCraig_23
Chris Crawford,clutchcrawford3
Drew Crawford,TheRealDrewski1
Jamal Crawford,JCrossover
Joe Crawford,JoeCrawford5
Jordan Crawford,jcraw55
Austin Croshere,AustinCroshere
John Crotty,JohnCrottyHEAT
Jae Crowder,CJC9BOSS
Jarrett Culver,jarrettc08
Will Cummings,willcummings_
Dante Cunningham,DlamarC33
Jared Cunningham,J1Flight
Eddy Curry,Eddy_Curry
Seth Curry,sdotcurry
Stephen Curry,StephenCurry30
Nemanja Dangubić,DangubicNemanja
DeAndre Daniels,D_Daniels2
Marquis Daniels,Marquis_Daniels
Troy Daniels,troydaniels
Luigi Datome,GigiDatome
Anthony Davis,AntDavis23
Baron Davis,BaronDavis
Devin Davis,DevDavis15
Deyonta Davis,DeyontaDavis_04
Ed Davis,eddavisXVII
Glen Davis,iambigbaby11
Andre Dawkins,dre_dawkins
Austin Daye,Adaye5
Dewayne Dedmon,d_dedmon3
Sam Dekker,dekker
Vinny Del Negro,VinnyDHoops
Malcolm Delaney,foe23
Carlos Delfino,cabezadelfino
Ángel Delgado,AngelDelgado
Matthew Dellavedova,matthewdelly
Cody Demps,CodyDemps
Luol Deng,LuolDeng9
Marcus Denmon,MizzouMonster12
Stephen Dennis,SDennis14
Demetrius Denzel-Dyson,DenzelDyson22
DeMar DeRozan,DeMar_DeRozan
Cheick Diallo,cheick_diallo13
Hamidou Diallo,hamidoudiallo
Boris Diaw,theborisdiaw
Gorgui Dieng,GorguiDieng
Dani Díez de la Faya,danidiez11
Spencer Dinwiddie,SDinwiddie_25
DeSagana Diop,sagana7
Vlade Divac,bgoodvlade
Donte DiVincenzo,Divincenzo
Daniel Dixon,Mr_HeatCheck
Luka Dončić,luka7doncic
Tyler Dorsey,TDORSEY_1
Luguentz Dort,luguentz
Damyean Dotson,wholeteamDot
Sekou Doumbouya,sekou_doums
Zabian Dowdell,zayrd1
Milton Doyle,MDLU35
PJ Dozier,Dozier_Kid
Goran Dragić,Goran_Dragic
Andre Drummond,AndreDrummond
Jared Dudley,JaredDudley619
Michael Dunigan,DarknessRises17
Kris Dunn,KrisDunn3
Ronald Dupree,RDupree12
Kevin Durant,KDTrey5
Trevon Duval,DatGuy_Trey
Cleanthony Early,Clearly_BallLyf
Mark Eaton,markeaton7ft4
Devin Ebanks,DevinEbanks3
Jarell Eddie,JarellEddie
Carsen Edwards,Cboogie_3
Vince Edwards,VE_12
Nnanna Egwu,egwu_32
Melvin Ejim,MelvinEjim
Henry Ellenson,HenryEllenson13
Wayne Ellington,WayneEllington
Sean Elliott,seanelliott_32
Perry Ellis,PElliz
Joel Embiid,JoelEmbiid
Alex English,AlexEnglish_2
Kim English,Englishscope24
James Ennis,JamesDa_Truth
Tyler Ennis,TylerEnnis
Julius Erving,JuliusErving
Drew Eubanks,DrewEubanks12
Jacob Evans,JacobEvans_1
Jawun Evans,j3vans1_
Jeremy Evans,JeremyEvans40
Keenan Evans,K3vans12
Reggie Evans,ReggieEvans30
Tyreke Evans,TyrekeEvans
Patrick Ewing,pewingjr6
Dante Exum,daanteee
Christian Eyenga,christeyenga31
Festus Ezeli,festus
C.J. Fair,cjfair
Tacko Fall,tackofall99
Jarrid Famous,MrFamous_CME
Kenneth Faried,KennethFaried35
Derrick Favors,dfavors14
Cristiano Felício,IamFelicio
Carrick Felix,C_Felix0
Courtney Fells,Papi_Fells
Raymond Felton,RFeltonGBMS
Terrance Ferguson,The2KFerguson_
Rudy Fernández,rudy5fernandez
Vashil Fernandez,vashilluv_bball
Bruno Fernando,BrunoFernandoMV
Yogi Ferrell,YogiFerrell11
Landry Fields,landryfields
Michael Finley,MichaelFinley
Dorian Finney-Smith,doefinney_10
Derek Fisher,derekfisher
Bryn Forbes,BrynjForbes
T.J. Ford,tj_ford
Evan Fournier,EvanFourmizz
De'Aaron Fox,swipathefox
Rick Fox,RickFox
Randy Foye,randyfoye
Adonal Foyle,afoyle3131
Steve Francis,SteveFranchise3
Robert Franks,RoBo_22
Melvin Frazier,melvinjrrr
Tim Frazier,Timfraz23
Walt Frazier,WaltFrazier
Jimmer Fredette,jimmerfredette
Channing Frye,channingfrye
Markelle Fultz,MarkelleF
Wenyen Gabriel,WenyenGabriel
Abdul Gaddy,Gaddy253_
Dan Gadzuric,DGadzuric
Daniel Gafford,Dan_G33
Danilo Gallinari,gallinari8888
Langston Galloway,LangGalloway10
Jakeenan Gant,JakeenanG23
Patricio Garino,patitogarino
Darius Garland,dariusgarland22
Kevin Garnett,KevinGarnett5KG
Billy Garrett,BGarrett_5
Diante Garrett,kingarrett10
Marc Gasol,MarcGasol
Pau Gasol,paugasol
Kaiser Gates,Kaisergates
Rudy Gay,RudyGay
Michael Gbinije,mikegbinije
Alonzo Gee,GeeAlonzo
Paul George,Yg_Trece
Marcus Georges-Hunt,GTMGH3
Daniel Gibson,BooBysWorld1
Jonathan Gibson,jgib4free
Taj Gibson,TajGibson
Xavier Gibson,zaygibson
J.R. Giddens,JGidd4
Harry Giles,HGiiizzle
Shai Gilgeous-Alexander,shaiglalex
Kendall Gill,kendallg13
Artis Gilmore,ArtisGilmore53
Manu Ginóbili,manuginobili
Rudy Gobert,rudygobert27
Ryan Gomes,GotGomes
Drew Gooden,DrewGooden
Vernon Goodridge,VeEG00D
Brandon Goodwin,goodysav
Aaron Gordon,Double0AG
Eric Gordon,TheofficialEG10
Marcin Gortat,MGortat
Lance Goulbourne,Lg5live
Devonte' Graham,Devonte4Graham
Torian Graham,Torian_Graham
Treveon Graham,TreBall21
Danny Granger,dgranger33
Jayson Granger,jaygranger11
Brian Grant,bwgrant
Horace Grant,horacegrant54
Jerai Grant,JerianGrant
Jerami Grant,JeramiGrant
Jerian Grant,JerianGrant
Donte Grantham,DonteGrantham32
Hassani Gravett,BestThingSince_
Josh Gray,ThatsJoshGray
Rob Gray,iRob_G
A.C. Green,NBA_Ironman
Danny Green,DGreen_14
Draymond Green,Money23Green
Garlon Green,G650G
JaMychal Green,Jmyke1
Javonte Green,2Xtremebounce
Jeff Green,unclejeffgreen
Rodney Green,rodneygreen10
Donté Greene,dontegreeneCOS
Blake Griffin,blakegriffin23
Eric Griffin,EGRIFFDaSTORY
Taylor Griffin,tgriff32
Artūras Gudaitis,GudaitisAG
Kyle Guy,kylejguy
Rui Hachimura,rui_8mura
Hamed Haddadi,HamedHaddadi15
Jamelle Hagins,JamelleHagins
Donta Hall,_DatBoi05
Isaac Hamilton,Isaacham_10
Johnny Hamilton,johnny_tall
Jordan Hamilton,J_Goin_HAM
Justin Hamilton,Justin__41
Richard Hamilton,ripcityhamilton
Jaylen Hands,JHANDS08
Dusty Hannahs,D_Hannahs
Ben Hansbrough,bhans23
Tyler Hansbrough,THANS50
Travis Hansen,travishansen24
Anfernee Hardaway,Iam1Cent
Tim Hardaway,T_HardJR
James Harden,JHarden13
Maurice Harkless,moe_harkless
Derek Harper,D_Harp_12
Jared Harper,Therealvinoo
Justin Harper,Tru_Harp32
Ron Harper,HARPER04_5
Matt Harpring,mharpring15
Montrezl Harrell,MONSTATREZZ
Josh Harrellson,BigJorts55
Al Harrington,cheddahcheese7
C.J. Harris,cjharris11
Devin Harris,Dev34Harris
Elias Harris,EliasJMHarris
Gary Harris,thats_G_
Joe Harris,JoeHarris4
Manny Harris,313MannyHarris
Mike Harris,TheRealMH33
Ricky Harris,RickyHarris5
Terrel Harris,T_Harris87
Tobias Harris,tobias31
Aaron Harrison,AaronICE2
Andrew Harrison,DrewRoc5
Shaquille Harrison,ShaqHarrison_3
Josh Hart,joshhart
Isaiah Hartenstein,Ipjh55
Tyler Harvey,YoungTRaaw
Udonis Haslem,ThisIsUD
Spencer Hawes,spencerhawes00
Chuck Hayes,c_hayes44
Jaxson Hayes,hayes_jaxson
Nigel Hayes,NIGEL_HAYES
Gordon Hayward,gordonhayward
Spencer Haywood,SpencerHaywood
Gerald Henderson,GhJr09
Terry Henderson,t_henny3
Jordan Henriquez,TooTall2KnoSo1
Myke Henry,mykehenry20
Xavier Henry,XavierHenry
John Henson,Johnhenson31
LaDontae Henton,HentonBuckets23
Dewan Hernandez,DewanGoesFor_20
Juan Hernangómez,juanchiviris41
Willy Hernangómez,willyhg94
Chris Herren,c_herren
Tyler Herro,raf_tyler
Kevin Hervey,kherv_25
Brady Heslip,bradyheslip
Mario Hezonja,MarioHezonja
Roy Hibbert,Roy_Meets_World
Isaiah Hicks,IDHicks
Stephan Hicks,SmoovSteph
Buddy Hield,buddyhield
Cory Higgins,chiggins11
Haywood Highsmith,Bigscony
Nenê Hilário,NeneHilario42
Ahmed Hill,MED_XIII
George Hill,George_Hill3
Grant Hill,realgranthill33
Solomon Hill,solohill
Darrun Hilliard,DHilliard6X
Jaylen Hoard,JaylenHoard
Darington Hobson,ParkaySmooth
Julius Hodge,Follow24Hodge
DJ Hogg,Dj_hogg1
Fred Hoiberg,ISUMayor32
Aaron Holiday,The_4th_Holiday
Jrue Holiday,Jrue_Holiday11
Justin Holiday,JustHolla7
John Holland,Jholland_23
Lionel Hollins,LionelHollins14
Ryan Hollins,TheRyanHollins
Rondae Hollis-Jefferson,IAmCHAP24
Aric Holman,AricHolman
Jonathan Holmes,Rich_Holmes22
Richaun Holmes,Rich_Holmes22
Michael Holton,mdhhoops
Daulton Hommes,dchommes
Tyler Honeycutt,thoneycutt23
Rodney Hood,rodneyhood
Scotty Hopson,Shopson32
Al Horford,Al_Horford
Dennis Horner,DHorner31
Keith Hornsby,KHornsby4
Talen Horton-Tucker,Thortontucker
Danuel House,DanuelHouseJr
Allan Houston,ALLAN_HOUSTON
Dwight Howard,DwightHoward
William Howard,whow25
Lester Hudson,Lester26Hudson
Marcelo Huertas,Huertas09
Kevin Huerter,KevinHuerter
Josh Huestis,jhuestis
Robbie Hummel,RobbieHummel
Isaac Humphries,IsaacHumphries7
Kris Humphries,KrisHumphries
De'Andre Hunter,DreHunter
Vince Hunter,2easy32
Bobby Hurley,BobbyHurley11
Chandler Hutchison,CmoHutchison
Serge Ibaka,sergeibaka
Andre Iguodala,andre
Joe Ingles,Joeingles7
Damien Inglis,DamienINGLIS
Brandon Ingram,B_Ingram13
Donte Ingram,kingram_0
Ike Iroegbu,Be_LikeIKE
Kyrie Irving,KyrieIrving
Jonathan Isaac,JJudahIsaac
Allen Iverson,alleniverson
Royal Ivey,ROYALTIVEY
Wesley Iwundu,_Iwundu25
Jarrett Jack,Jarrettjack03
Bobby Jackson,TheBobbyJackson
Darnell Jackson,DBlock_Official
Demetrius Jackson,D_Jay11
Frank Jackson,FWJackson15
Jaren Jackson,jarenjacksonjr
Jim Jackson,jimjackson419
Josh Jackson,j_josh11
Justin Jackson,JJacks_44
Lorne Jackson,DaTrillStak5
Mark Jackson,MarkJackson13
Pierre Jackson,PAPPYGAWD
Reggie Jackson,Reggie_Jackson
Stephen Jackson,DaTrillStak5
Bernard James,BernardJame5
Damion James,KONJames10
Justin James,1JustinJames
LeBron James,KingJames
Mike James,mikejames7
Stefan Janković,StefanJ33
Matt Janning,mjanning23
Scoop Jardine,scoopjardine
Othyus Jeffers,OthyusTheGreat
Amile Jefferson,AmileJefferson
Cory Jefferson,CoryJay34
DaQuan Jeffries,daquanjeffries2
John Jenkins,JohnnyCashVU23
Jonas Jerebko,JonasJerebko
Ty Jerome,tyjerome_
Eugene Jeter,PoohJeter
Alize Johnson,AlizeJohnson
Amir Johnson,IamAmirJohnson
Armon Johnson,AJALLDAY1
Avery Johnson,CoachAvery6
B.J. Johnson,Bean_J20
Brice Johnson,bjohnson_23
Dakari Johnson,DakariJohnson
Eddie Johnson,Jumpshot8
JaJuan Johnson,JaJuanJohnson
James Johnson,IamJJ16
Jaylen Johnson,JayGlooo10
Joe Johnson,TheJoeJohnson7
Kevin Johnson,KJ_MayorJohnson
Magic Johnson,MagicJohnson
Marques Johnson,olskool888
Orlando Johnson,OrlandoVJohnson
Reggie Johnson,Regg_42
Robert Johnson,RoJoJr
Stanley Johnson,iAmSJ
Tyler Johnson,RealTJohnson
Darius Johnson-Odom,KingMe_DJ1
Peter Jok,Jok_City14
Nikola Jokić,JokicNikola15
Dahntay Jones,dahntay1
Damian Jones,dameology
Damon Jones,djones19
DeQuan Jones,DequanMJones
Derrick Jones,TheRea1DJones
Jemerrio Jones,JemerrioJ
Lazeric Jones,Zeek_Jones11
Matt Jones,matt13jones_
Perry Jones,Perry_Jones1
Shawn Jones,Slim_j12
Terrence Jones,TerrenceJones1
Tyus Jones,1Tyus
DeAndre Jordan,DeAndre
Cory Joseph,Cory_Joe
Kris Joseph,RealKrisJo
Nikola Jovanović,Nik_Jovanovic
Mfiondu Kabengele,Mfiondu
Myck Kabongo,MyckK9
Chris Kaman,ChrisKaman
Frank Kaminsky,FSKPart3
Ismaila Kane,ladsame1997
Enes Kanter,EnesKanter
İlkan Karaman,ilknkrmn
Arsalan Kazemi,kazemiworld
Tidjan Keita,Ktidjan
Tre Kelley,TreKel1ey
Ryan Kelly,RyanKelly34
Greg Kelser,gkelser32
Tim Kempton,SunsTK
Tiwian Kendley,princeofharlem8
Luke Kennard,LukeKennard5
Steve Kerr,SteveKerr
Jason Kidd,RealJasonKidd
Stanton Kidd,StantonKidd11
Michael Kidd-Gilchrist,MKG14
Sean Kilpatrick,SeanKilpatrick
Louis King,SweetLouu2
Nick King,CrownMeKing5_
Stacey King,Stacey21King
Maxi Kleber,MaxiKleber
Brandon Knight,Goodknight11
Brevin Knight,brevinknight22
Kevin Knox,KevKnox
Bronson Koenig,BronsonK_24
Sagaba Konate,sagaba50
John Konchar,konchjitty55
Furkan Korkmaz,FurkanKorkmaz
Luke Kornet,bigshin32
Kyle Korver,KyleKorver
Kosta Koufos,kostakoufos
Max Kouguere,MaxOnTwitter
David Kramer,K7davidK
Arnoldas Kulboka,kulboka98
Kyle Kuric,KIngKK_14
Rodions Kurucs,RODIONS1
Kyle Kuzma,kylekuzma
Mindaugas Kuzminskas,MKuzminskas
Skal Labissière,OneBigHaitian
Christian Laettner,laettnerbball
Cady Lalanne,Lac25_
Doron Lamb,DLamb20
Jeremy Lamb,jlamb
Romeo Langford,yeahyeah22
Nicolás Laprovíttola,nicolapro7
Shane Larkin,ShaneLarkin_3
Terry Larrier,_TL22
Joffrey Lauvergne,1JOLOLO
Zach LaVine,ZachLaVine
Vic Law,Followthe_LAW
Andrew Lawrence,Adrlawrence
Dedric Lawson,DSmoove1_2many
Ty Lawson,TyLawson3
Jake Layman,JLayman10
T.J. Leaf,leafsquad22
Ricky Ledo,REALRICKLEDO1
Courtney Lee,CourtneyLee5
Damion Lee,Dami0nLee
David Lee,Dlee042
William Lee,Haha34lee1
Walt Lemon,WaltLemon
Alex Len,alexlen
Kawhi Leonard,kawhileonard
Meyers Leonard,MeyersLeonard
C.J. Leslie,ncsu_cleslie
Travis Leslie,FlightLeslie23
Mathias Lessort,ThiasLsf
Jon Leuer,JonLeuer30
Caris LeVert,CarisLeVert
JeQuan Lewis,thatlewiskid1
Trey Lewis,Treylew3
DeAndre Liggins,Dreliggs34
Damian Lillard,Dame_Lillard
Jeremy Lin,JLin7
Scottie Lindsey,ScottieLindsey
Nassir Little,2ez_nassie
Denzel Livingston,denzel_trey10
Shaun Livingston,ShaunLivingston
Sergio Llull,23Llull
Trent Lockett,T_Lockett24
Zach Lofton,ZachLofton
Kevon Looney,Loon_Rebel5
Robin Lopez,rolopez42
Kevin Love,kevinlove
Marc Loving,lovingthegame32
Kyle Lowry,Klow7
Jordan Loyd,mrjloyd
John Lucas,JLEnterprises
Kalin Lucas,Kjay24k
John Lucas III,Luke1luk
Timothé Luwawu-Cabarrot,timcabs
Tyler Lydon,Tyler_Lydon14
Jairus Lyles,_jlyles
Trey Lyles,TreyLyles
Amath M'Baye,Amath22Juice
Sheldon Mac,sheldonmacc
Scott Machado,_ScottMachado
Lamont Mack,MONT_MACK
Shelvin Mack,ShelvinMack
Vernon Macklin,vernon_macklin
Daryl Macon,_dmacon4
J.P. Macura,jpmacura
Mark Madsen,madsen_mark
Josh Magette,joshmagette
Corey Maggette,Corey_Maggette
Ian Mahinmi,ianmahinmi
Dan Majerle,DanMajerle
Thon Maker,ThonMaker14
Karl Malone,TheDeliverer_32
Terance Mann,terance_mann
Danny Manning,coachdmanning
Devyn Marble,DevMarble
Stephon Marbury,StarburyMarbury
Vanja Marinković,vanjam32
Shawn Marion,matrix31
Boban Marjanović,BobanMarjanovic
Lauri Markkanen,MarkkanenLauri
Anthony Marshall,ANT_MARZ3
Donyell Marshall,Dmarsh42
Kendall Marshall,KButter5
Caleb Martin,Calebmartin14
Cartier Martin,CartierMartin
Cody Martin,cody_martin15
Jarell Martin,MartinJarell
Jeremiah Martin,4k_Jeremiah
Kelan Martin,kelan30_
Kenyon Martin,KenyonMartinSr
Jamal Mashburn,jamalmashburn
Frank Mason,FrankMason0
Roger Mason,MoneyMase
Yante Maten,YoungMoney_11
Garrison Mathews,gmathews_24
Jordan Mathews,JordanMathews22
Mangok Mathiang,M_Mango32
Dakota Mathias,DMathias31
Wesley Matthews,WessyWes23
Jason Maxiell,JasonMaxiell
Vernon Maxwell,vernonmaxwell11
Sean May,BigMay42
Luke Maye,luke_maye
Eric Maynor,EMaynor3
Luc Mbah a Moute,mbahamoute
Trevor Mbakwe,TMbakwe32
James Michael McAdoo,jamesmcadoo
Tahjere McCall,215tahj
Ray McCallum,RayMac3
Patrick McCaw,PMcCaw0
CJ McCollum,CJMcCollum
Mickey McConnell,MickeyMcConnell
T.J. McConnell,TJMcConnell
Tim McCormick,TimMcCormick40
Brandon McCoy,Mccoy_blvd
Chris McCullough,briskuno
Jalen McDaniels,jalenmcdaniels5
K.J. McDaniels,KJMcDaniels
Doug McDermott,dougmcdermott
Hank McDowell,Skinnypalmer
Mitch McGary,mitchmcgary
JaVale McGee,JaValeMcGee
Tracy McGrady,Real_T_Mac
Rodney McGruder,RodneyMcGruder
Jim McIlvaine,JimMcIlvaine
Kevin McKenna,coachkmc3
Trey McKinney-Jones,TreyMJ04
Alfonzo McKinnie,_Alvo_
Jordan McLaughlin,itsmclaughlin11
Ben McLemore,BenMcLemore
Liam McMorrow,TheLiamMcMorrow
Jerel McNeal,jerel_mcneal
Jordan McRae,JordyMac52
Josh McRoberts,JoshMcRoberts11
Jodie Meeks,Jmeeks20
Kennedy Meeks,asapmeeks03
Salah Mejri,50Mejri
Nicolò Melli,NikMelli
De'Anthony Melton,DeAnthonyMelton
Chimezie Metu,Chimezie_Metu
Jordan Mickey,Jmickey_02
Khris Middleton,Khris22m
C.J. Miles,masfresco
Isaiah Miles,freakyzeke_32
Darius Miller,DmillerKY
Malcolm Miller,MalcMili13
Mike Miller,MikeMiller_13
Quincy Miller,qmillertime
Reggie Miller,ReggieMillerTNT
Codi Miller-McIntyre,CMMPatience
Patty Mills,Patty_Mills
Elijah Millsap,Elijah_Millsap
John Millsap,Paulmillsap4
Paul Millsap,Paulmillsap4
Shake Milton,SniperShake
Nikola Milutinov,NMilutinov
Yao Ming,YaoMing
Nikola Mirotić,NikolaMirotic33
Akil Mitchell,ajmitchell25
Donovan Mitchell,spidadmitchell
Sam Mitchell,SamMitchellNBA
Tony Mitchell,tmitch_5
Naz Mitrou-Long,NazzyJML
Luka Mitrović,mitar_mitar9
Nazr Mohammed,NazrMohammed
Malik Monk,AhmadMonk
Earl Monroe,EarlThePearl_15
Greg Monroe,M10OSE
Matt Mooney,moonswag13
Ben Moore,JaminTheFiend
Doral Moore,2talldemondeac
E'Twaun Moore,ETwaun55
Jalen Moore,JalenMoore14
Ja Morant,JaMorant
Yanick Moreira,Ymoreira02
Eric Moreland,EricMoreland15
Jeremy Morgan,jmodashow20
Yannis Morin,YannisMorin
Darius Morris,dariusmorris4
Jaylen Morris,jay_morris30
Marcus Morris,MookMorris2
Markieff Morris,Keefmorris
Monte Morris,MonteMorris11
Anthony Morrow,MrAnthonyMorrow
Donatas Motiejūnas,DonatasMot
Johnathan Motley,Moneymot5
Brock Motum,brockm12
Arnett Moultrie,amoultrie
Emmanuel Mudiay,emmanuelmudiay
Shabazz Muhammad,ShabazzMuhammad
Mychal Mulder,MychalMulder
Xavier Munford,xaviermunford
Jordan Murphy,jordanmurphy24
Kamari Murphy,21__louie
Kevin Murphy,KMurph_55
Dejounte Murray,DejounteMurray
Jamal Murray,BeMore27
Tracy Murray,RealTracyMurray
Toure' Murry,toure_murry
Džanan Musa,DzMusa
Mike Muscala,mikemuscala
Dikembe Mutombo,officialmutombo
Sviatoslav Mykhailiuk,Sviat_10
Hamady N'Diaye,H55ndiaye
Mamadou N'Diaye,mamadoundiaye14
Boštjan Nachbar,BokiNachbar
Abdel Nader,AbdelNader2
Larry Nance,Larrydn22
Shabazz Napier,ShabazzNapier
Le'Bryan Nash,LBgetbuckets02
Steve Nash,SteveNash
Maurice Ndour,Mauricendure
Youssou Ndoye,yndoye35
Jameer Nelson,jameernelson
Raul Neto,RaulTogni
Johnny Newman,jnewNBA
Malik Newman,iammaliknewman
Georges Niang,GeorgesNiang20
Andrew Nicholson,nicholaf44
Norm Nixon,NormNixon
Landry Nnoko,landry_nnoko
Joakim Noah,JoakimNoah
Andrés Nocioni,SoyElChapu
Nerlens Noel,NerlensNoel3
Lucas Nogueira,Bebe92
Zach Norvell,ZachN_23
Steve Novak,stevenovak16
Jaylen Nowell,JaylenNowell
Dirk Nowitzki,swish41
Frank Ntilikina,FrankLikina
Kendrick Nunn,nunnbetter_
James Nunnally,AllorNunn21
Jusuf Nurkić,bosnianbeast27
David Nwaba,dnwaba0
Ike Nwamu,ike_nwamu
Patrick O'Bryant,13POB13
Jermaine O'Neal,jermaineoneal
Shaquille O'Neal,SHAQ
Royce O'Neale,BucketsONeale00
Kyle O'Quinn,Kyle_OQuinn
Charles Oakley,CharlesOakley34
Fabricio Oberto,obricio7
Lamar Odom,RealLamarOdom
Chamberlain Oguchi,ChampOguchi
Semi Ojeleye,Semi
Emeka Okafor,BigMek50
Jahlil Okafor,JahlilOkafor
Chuma Okeke,chuma_okeke
Elie Okobo,ElieOkobo_0
Josh Okogie,CallMe_NonStop
KZ Okpala,kz_okpala_
Mehmet Okur,MehmetOkur13
Victor Oladipo,VicOladipo
Hakeem Olajuwon,DR34M
Cameron Oliver,SpaceCamm
Kelly Olynyk,KellyOlynyk
Miye Oni,PrinceOni13
Arinze Onuaku,arinze_onuaku
Chinanu Onuaku,chinanu_onuaku
Alex Oriakhi,aoriakhi42
Daniel Orton,danielorton21
Cedi Osman,cediosman
Yakuba Ouattara,yakubaouattara
Kelly Oubre,KELLYOUBREJR
Zaza Pachulia,zaza27
Marcus Paige,marcuspaige5
Georgios Papagiannis,G_P_06
Jannero Pargo,jpargo1
Anthony Parker,_AnthonyParker
Jabari Parker,JabariParker
Tony Parker,tonyparker
Chandler Parsons,ChandlerParsons
Eric Paschall,epaschall
Anžejs Pasečņiks,AnzejsP
Lamar Patterson,LP21_
Patrick Patterson,pdpatt
Justin Patton,JustinPatton17
Brandon Paul,BP3
Chris Paul,CP3
Adreian Payne,Adreian_Payne
Cameron Payne,campayne
Elfrid Payton,elfrid
Gary Payton,GaryPaytonII
L.J. Peak,ljpeak1
Norvel Pelle,NorvelPelle05
Will Perdue,Will_Perdue32
Josh Perkins,JoshPerk13
Kendrick Perkins,KendrickPerkins
London Perrantes,London_Tyus
Alec Peters,petersalec
Jim Petersen,JimPeteHoops
Morris Peterson,mopete24
Luke Petrasek,Luke_Petrasek
John Petrucelli,John_Petrucelli
Terran Petteway,_TP5
Paul Pierce,paulpierce34
Mickaël Piétrus,MickaelPietrus
Theo Pinson,tpinsonn
Scottie Pippen,ScottiePippen
Marshall Plumlee,marshallplumlee
Mason Plumlee,masonplumlee
Miles Plumlee,milesplumlee13
Jakob Poeltl,JakobPoeltl
Sir'Dominic Pointer,Sirdom1
Kendall Pollard,__KP
Olden Polynice,OldenPolynice1
Quincy Pondexter,QuincyPondexter
Shamorie Ponds,ShamorieP
Jordan Poole,Not_Poole
Jontay Porter,JontayPorter
Kevin Porter,Kevinporterjr
Michael Porter,MPJr
Terry Porter,terryporter30
Bobby Portis,BPortistime
Kristaps Porziņģis,kporzee
Leon Powe,Leon_Powe
Dwight Powell,DwightPowell33
Josh Powell,JP21Reasons
Norman Powell,npowell2404
Alex Poythress,AlexTheGreat22
Casey Prather,cprather24
Phil Pressey,philpressey
Billy Preston,nolimitbill
A.J. Price,realAJPrice
Mark Price,Mark25Price
Pablo Prigioni,PPrigioni9
Laron Profit,Profit4eva
Jacob Pullen,Jpullz0
Rodney Purvis,Gpurvooo
Raphiael Putney,RRPUTNEY3
Zhou Qi,officialzhouqi
Michael Qualls,Mr_WALKONAIR
Tim Quarterman,TimQuarterman1
Ivan Rabb,YoungIvee
Nikola Radičević,nikoradicevic
Kyle Randall,KRandy_12
Chasson Randle,ChassonRandle
Julius Randle,J30_RANDLE
Anthony Randolph,TheARandolph
Levi Randolph,LeviRandolph20
Zach Randolph,MacBo50
Xavier Rathan-Mayes,xrm_22
Theo Ratliff,shotblocker42
Leo Rautins,LeoRautins
Josh Reaves,jreaves23
Cam Reddish,camreddish
Davon Reed,ClutchREED_5
Omar Reed,DaJuice55
Naz Reid,NazReid
Travis Releford,T_2releFOUR
Cameron Reynolds,CamoCinco
Glen Rice,glenrice41
Patrick Richard,prichard_3
Jason Richardson,jrich23
Josh Richardson,J_Rich1
Malachi Richardson,KingMali23
Quentin Richardson,QRich
Mitch Richmond,MitchRichmond23
Austin Rivers,AustinRivers25
Doc Rivers,DocRivers
Andre Roberson,FlyDre21
Jeff Roberson,j5robe
Ronald Roberts,RonaldRoberts5
Alex Robinson,arob25_
Clifford Robinson,UncleCliffy30
David Robinson,DavidtheAdmiral
Devin Robinson,drob7nson
Duncan Robinson,D_Bo20
Gerald Robinson,GRJR22
Glenn Robinson,GRIII
Jerome Robinson,Rome_Coldbucks1
Justin Robinson,5Alive_
Mitchell Robinson,23savage____
Nate Robinson,nate_robinson
Thomas Robinson,Trobinson0
Isaiah Roby,roby_isaiah
Dennis Rodman,dennisrodman
Ángel Rodríguez,angel13pr
Desi Rodriguez,desirodriguez6
Sergio Rodríguez,SergioRodriguez
Rajon Rondo,RajonRondo
Derrick Rose,drose
Jalen Rose,jalenrose
Terrence Ross,TerrenceRoss
Terry Rozier,T_Rozzay3
Ricky Rubio,rickyrubio9
Damjan Rudež,Damjan_Rudez
Brandon Rush,BRush_25
Kareem Rush,kareemrush
Bill Russell,realbillrussell
Bryon Russell,BRuss3
D'Angelo Russell,Dloading
Domantas Sabonis,Dsabonis11
Robert Sacre,Bobby_Sacre
John Salley,thejohnsalley
Luka Šamanić,SamanicLuka
JaKarr Sampson,KarrSampson14
Jamarr Sanders,2_E_A_Z_Y
Larry Sanders,l8show_thegoat
Dario Šarić,dariosaric
Tomáš Satoranský,satoransky
Wesley Saunders,shyxxm
Brian Scalabrine,Scalabrine
Admiral Schofield,admiralelite15
Detlef Schrempf,Dschrempf
Dennis Schröder,DennisMike93
Luis Scola,LScola4
Dennis Scott,dennis3dscott
Durand Scott,durand_scott
Mike Scott,mikescott
Shannon Scott,3SScott
Thabo Sefolosha,ThaboSefolosha
Wayne Selden,WayneSeldenJr
Jeremy Senglin,jsenglin_30
Kevin Séraphin,french_savage
Ramon Sessions,SessionsRamon
Collin Sexton,CollinYoungBull
Landry Shamet,landryshamet
Angelo Sharpless,Lo_Tatted
Marial Shayok,MarialShayok
Tornike Shengelia,TokoShengelia23
Simisola Shittu,LanX_Sims
Iman Shumpert,imanshumpert
Pascal Siakam,pskills43
Jordan Sibert,Smooth_Jordan
Luke Sikma,LCSikma43
Xavier Silas,XavierSilas
Garret Siler,Big_G_21
Chris Silva,SilvaObame
Ben Simmons,BenSimmons25
Bobby Simmons,bobbysimmons21
Jonathon Simmons,ThaRealJsimms
Kobi Simmons,JordanKobi
Justin Simon,simon_Says_so
Anfernee Simons,AnferneeSimons
Henry Sims,H_Sims14
Satnam Singh Bhamara,hellosatnam
E.J. Singler,EJSingler
Kyle Singler,KyleSingler
Sean Singletary,SeanSingletary
Chris Singleton,C_SING31
Peyton Siva,PeypeySiva3
Tamar Slay,slay9
Donald Sloan,dsloan15
Marcus Smart,smart_MS3
Craig Smith,Csmeezy1
Dennis Smith,Dennis1SmithJr
Greg Smith,Ju_Smith4
Ish Smith,ishsmith
J.R. Smith,TheRealJRSmith
Jason Smith,JasonSmith014
Jerry Smith,JSmith_8
Joe Smith,JoeBeast95
Kenny Smith,TheJetOnTNT
Nolan Smith,NdotSmitty
Roscoe Smith,scoesh0w
Scoochie Smith,scoochstackin
Steve Smith,steve21smith
Tony Smith,AnalystTSmith34
Zach Smith,SuperDuperZach
Zhaire Smith,zhaire_smith
D'Vauntes Smith-Rivera,DSR43
Tony Snell,TonySnell21_
Richard Solomon,richxsolo3
Edgar Sosa,Edgarsosa10
Ray Spalding,RaySpalding_4
Marreese Speights,Mospeights16
Omari Spellman,Omarispellman
Tiago Splitter,tiagosplitter
Larry Spriggs,spriggy35
Jerry Stackhouse,jerrystackhouse
Chace Stanback,ChaceStanback
Terence Stansbury,360StatueofLibe
Jonathan Stark,jonathanstark02
John Starks,StarksTheDunk
Juwan Staten,JuwanStaten3
Nik Stauskas,NStauskas11
D.J. Stephens,DdotJAY30
Lance Stephenson,StephensonLance
Elijah Stewart,Lou_weezy_ana
Greg Stiemsma,gregstiemsma
David Stockton,dstockton32
Michael Stockton,MikeStock20
Jarnell Stokes,JarnellStokes
Diamond Stone,Diamond_Stone33
Julyan Stone,Julyan_Stone
Amar'e Stoudemire,Amareisreal
Dexter Strickland,BadenJaxen_
Rod Strickland,rod_strickland
Scott Suggs,scottro15
Rasheed Sulaimon,sheed_ctmd1
Jared Sullinger,Jared_Sully0
Taren Sullivan,sullyballer1423
Edmond Sumner,EdmondSumner
Caleb Swanigan,calebswanigan50
Devin Sweetney,DSweetney1
Keifer Sykes,ksykesyb
Wally Szczerbiak,wallyball
Chris Taft,BlessedTaft
Jayson Tatum,jaytatum0
Edy Tavares,waltertavares22
Isaiah Taylor,Zay_Ctmd11
Jermaine Taylor,jtaylor8ball
Jordan Taylor,JMTaylor11
Tony Taylor,2cooltone
Tyshawn Taylor,tyshawntaylor
Jeff Teague,Teague0
Marquis Teague,marquisteague25
Mirza Teletović,Teletovic33
Sebastian Telfair,BassyS31T
Garrett Temple,GTemp17
Miloš Teodosić,MilosTeodosic4
Jared Terrell,TheJaredTerrell
Emanuel Terry,EmanuelTerry08
Jason Terry,jasonterry31
Hasheem Thabeet,HasheemTheDream
Xavier Thames,Xthames2
Daniel Theis,dtheis10
Reggie Theus,ReggieTheus
Adonis Thomas,AllDayThomas
Deshaun Thomas,DT1UpNComin
Isaiah Thomas,isaiahthomas
Isiah Thomas,IsiahThomas
Khyri Thomas,Khyri_2
Lance Thomas,MrLance42
Rashawn Thomas,Sobeastly_25
Jason Thompson,jtthekid
Klay Thompson,KlayThompson
Mychal Thompson,champagnennuts
Mychel Thompson,MychelThompson
Ryan Thompson,RyT5
Sam Thompson,SlamIAm12
Trevor Thompson,TrevBallinTrey2
Tristan Thompson,RealTristan13
Al Thornton,AThornton14
Marcus Thornton,M3Thornton
Sindarius Thornwell,Sin_City_803
Matisse Thybulle,MatisseThybulle
Jānis Timma,janis_timma
Jamaal Tinsley,jatinsley
Mike Tobey,miketobey10
J.P. Tokoto,AirPierreTokoto
Anthony Tolliver,ATolliver44
Juan Toscano-Anderson,juanonjuan10
Axel Toupane,toups_33
Karl-Anthony Towns,KarlTowns
Gary Trent,gtrentjr
Travis Trice,Ttrice20
Allonzo Trier,ISO_ZO
Melo Trimble,_STAYMELO
Alando Tucker,DoeTuck
Hedo Türkoğlu,hidoturkoglu15
Evan Turner,thekidet
Myles Turner,Original_Turner
Jeremy Tyler,jeremytyler3
Ekpe Udoh,EkpeUdoh
Beno Udrih,BenoUdrih1
Tyler Ulis,tulis3
Jarrod Uthoff,Mr_Uthoff
Jonas Valančiūnas,JValanciunas
Denzel Valentine,denzelvalentine
Nick Van Exel,vanexel31
Jarred Vanderbilt,JVando
Fred VanVleet,FredVanVleet
Anderson Varejão,VAREJAOANDERSON
Eloy Vargas,EVargas30
Jarvis Varnado,RealSwat32
Greivis Vásquez,greivisvasquez
Rashad Vaughn,ShowtimeMr1
Jan Veselý,JanVesely24
Gabe Vincent,iamgabevincent2
Nikola Vučević,NikolaVucevic
Sasha Vujačić,SashaVujacic
Dean Wade,deanwade3232
Dwyane Wade,DwyaneWade
Von Wafer,vonwafer13
Moritz Wagner,moritz_weasley
Dion Waiters,dionwaiters3
Antoine Walker,WalkerAntoine8
Chris Walker,kingsky23
Kemba Walker,KembaWalker
Lonnie Walker,lonniewalker_4
Tyrius Walker,iam_twalk
Thomas Walkup,twalkup23
John Wall,JohnWall
Ben Wallace,Fear_DaFro
Tyrone Wallace,TyWallace661
Taurean Waller-Prince,taureanprince
Bill Walton,BillWalton
Derrick Walton,DerrickWalton10
Brad Wanamaker,phillybul_22
Jameel Warney,Fullcoursemeelz
T.J. Warren,tonywarrenjr
Hakim Warrick,hdubb21
Jason Washburn,jaywash42
P.J. Washington,PJWashington
Yuta Watanabe,wacchi1013
Tremont Waters,WatersTremont
Christian Watford,Cwat205
C.J. Watson,quietstorm_32
Earl Watson,Earl_Watson
Paul Watson,_PWJiii
Mitchell Watt,mitchell_watt
Maalik Wayns,MaalikWayns2
Travis Wear,traviswear
Quinndary Weatherspoon,IAM_QUINN11
Kyle Weaver,kyleweaver5
Chris Webber,realchriswebber
Briante Weber,Sir_deuce2
Corey Webster,cwebster9
Martell Webster,MartellWebster
Sonny Weems,Sonny13
Bonzi Wells,BonziWells
Dez Wells,_DezWells
Thomas Welsh,tomwelsh40
Bill Wennington,34billy42
David West,D_West30
Delonte West,delontewest
Mark West,mwest41
Charlie Westbrook,C_Westbrook1
Russell Westbrook,russwest44
Aaron White,Aaron_White30
Andrew White,AndrewWhite03
Coby White,CobyWhite
D.J. White,dj_white3
Derrick White,Dwhite921
Okaro White,owhite10
Royce White,Highway_30
Terrico White,TerricoWhite5
Isaiah Whitehead,isaiahwhitehead
Hassan Whiteside,youngwhiteside
Andrew Wiggins,22wiggins
Nick Wiggins,Wiggys__WORLD
Lindell Wigginton,Lwigginton5
Scottie Wilbekin,scottiew_5
C.J. Wilcox,UCjwilcox23W
Jacob Wiley,Jwiley_24
Kris Wilkes,kadw31
Damien Wilkins,dwilkins3000
Dominique Wilkins,DWilkins21
Isaiah Wilkins,isaiahwilkins91
Alan Williams,alantwilliams
C.J. Williams,C_Will21
Deron Williams,DeronWilliams
Derrick Williams,DWXXIII
Elliot Williams,ewill901
Grant Williams,Grant2Will
JaCorey Williams,_JWilliams22
Jay Williams,RealJayWilliams
Jerome Williams,JunkYardDogJW
Johnathan Williams,Iam_J3
Jordan Williams,Jwilliams20
Kenrich Williams,williamskenrich
Latavious Williams,taybowl_
Lou Williams,TeamLou23
Matt Williams,1mattwill2
Mo Williams,mowilliams
Reggie Williams,reggiew55
Robert Williams,rob_williamsIII
Rodney Williams,YeahRod24
Shelden Williams,SheldenWilliams
T.J. Williams,gogettatjwill
Terrence Williams,TheRealTWill
Troy Williams,troywilliams_
Nigel Williams-Goss,NigelWG5
Zion Williamson,Zionwilliamson
Derek Willis,derekxwillis
D.J. Wilson,Lanky_Smoove
Jamil Wilson,jamilwilson_22
Kyle Wiltjer,kwiltj
Dylan Windler,Dylan_Windler23
Justise Winslow,IAmJustise
Todd Withers,DatDude_Todd
Jeff Withey,JeffWithey
Nate Wolters,NateWolters
Christian Wood,Chriswood_5
Metta World Peace,MettaWorldPeace
James Worthy,JamesWorthy42
Brandan Wright,bwright34
Chris Wright,flyght33wright
Delon Wright,delonwright
Dorell Wright,DWRIGHTWAY1
Justin Wright-Foreman,JayWright_3
Tony Wroten,TWroten_LOE
Khalif Wyatt,KhalifW05
Guerschon Yabusele,DTP_Mario
Ding Yanyuhang,OfficialDing8
Gabe York,gabeyork32
B.J. Young,Joeybuckets3
James Young,realjamesyoung
Joe Young,JoeyBuckets3
Nick Young,NickSwagyPYoung
Patric Young,PatricYoung4
Sam Young,SamYoung4
Thaddeus Young,yungsmoove21
Trae Young,TheTraeYoung
Rade Zagorac,zagorac_rade
Talib Zanna,TalibZanna
Nick Zeisloft,n_zeis2
Cody Zeller,CodyZeller
Luke Zeller,LukeZeller40
Tyler Zeller,ZellerTyler
Stephen Zimmerman,BIGG_ZIMM
Paul Zipser,paulzzip
Ante Žižić,Ante__Zizic
Ivica Zubac,ivicazubac
Tomislav Zubčić,TomislavZubcic7
